{"initial_reset_timestamp": 1687711211.4056735, "timestamps": [1687711293.4488301], "episode_lengths": [2239], "episode_rewards": [-24.0], "episode_types": ["t"]}